FID,DHSID,DHSCLUST,LAT,LONG,ITN_Covera
0,KE201400000068,68,-0.275692,36.286752,0.401155415
1,KE201400000069,69,-0.183179,36.257175,0.402133667
2,KE201400000080,80,-0.61271,36.465081,0.360235656
3,KE201400000086,86,-0.881419,36.569475,0.367948561
4,KE201400000093,93,-0.269884,37.013468,0.426923697
5,KE201400000094,94,-0.023726,37.049605,0.421799187
6,KE201400000099,99,-0.495424,37.12839,0.467674551
7,KE201400000100,100,-0.430589,37.14386,0.467667607
8,KE201400000101,101,-0.44007,37.092669,0.442312283
9,KE201400000102,102,-0.387542,37.124075,0.461818346
10,KE201400000103,103,-0.501534,37.105293,0.451309667
11,KE201400000104,104,-0.485296,37.130549,0.467674551
12,KE201400000105,105,-0.523832,37.128182,0.463728574
13,KE201400000106,106,-0.394043,37.089916,0.443143155
14,KE201400000107,107,-0.488713,37.006113,0.406707889
15,KE201400000108,108,-0.587964,36.937258,0.405712285
16,KE201400000109,109,-0.5292,36.946806,0.403413103
17,KE201400000110,110,-0.565426,36.886207,0.391143973
18,KE201400000111,111,-0.518254,36.913221,0.39239081
19,KE201400000112,112,-0.562322,36.982532,0.412078211
20,KE201400000113,113,-0.636014,37.123259,0.486161293
21,KE201400000114,114,-0.52712,37.007515,0.413123599
22,KE201400000115,115,-0.474489,36.832314,0.382219564
23,KE201400000116,116,-0.469786,37.054376,0.424502665
24,KE201400000117,117,-0.44266,36.925861,0.367795944
25,KE201400000118,118,-0.43618,36.954202,0.367795944
26,KE201400000119,119,-0.466341,36.95966,0.397386774
27,KE201400000120,120,-0.42296,36.977647,0.392225463
28,KE201400000121,121,-0.427778,36.953439,0.367795944
29,KE201400000122,122,-0.426272,36.970946,0.392225463
30,KE201400000123,123,-0.434915,36.964839,0.392225463
31,KE201400000124,124,-0.437902,36.959497,0.392225463
32,KE201400000125,125,-0.684701,37.286839,0.565406521
33,KE201400000126,126,-0.674971,37.307785,0.565443367
34,KE201400000127,127,-0.728845,37.355214,0.576542317
35,KE201400000128,128,-0.5874,37.355233,0.567627533
36,KE201400000129,129,-0.668495,37.339581,0.576372155
37,KE201400000130,130,-0.68368,37.342893,0.576372155
38,KE201400000131,131,-0.679813,37.354889,0.576372155
39,KE201400000132,132,-0.684659,37.368223,0.576372155
40,KE201400000133,133,-0.628707,37.419753,0.584771316
41,KE201400000134,134,-0.670534,37.420061,0.585904695
42,KE201400000135,135,-0.604137,37.377369,0.575297965
43,KE201400000136,136,-0.47321,37.222938,0.498356742
44,KE201400000137,137,-0.437039,37.218181,0.500810969
45,KE201400000138,138,-0.521256,37.273601,0.530312025
46,KE201400000139,139,-0.483921,37.286375,0.536612585
47,KE201400000140,140,-0.487278,37.270725,0.536612585
48,KE201400000141,141,-0.50983,37.31729,0.546298644
49,KE201400000142,142,-0.467017,37.249558,0.498356742
50,KE201400000143,143,-0.524228,37.261115,0.537759057
51,KE201400000144,144,-0.448302,37.314849,0.544757551
52,KE201400000145,145,-0.513463,37.239898,0.518475015
53,KE201400000146,146,-0.454555,37.177579,0.482856233
54,KE201400000147,147,-0.59862,37.262377,0.535980352
55,KE201400000148,148,-0.574861,37.266165,0.537606343
56,KE201400000149,149,-0.641981,37.21268,0.530091345
57,KE201400000150,150,-0.681942,37.213589,0.552587998
58,KE201400000151,151,-0.515017,37.365542,0.562837527
59,KE201400000152,152,-0.50074,37.3792,0.56290461
60,KE201400000153,153,-0.516444,37.356927,0.559605638
61,KE201400000154,154,-0.411252,37.371355,0.555169475
62,KE201400000155,155,-0.436144,37.341643,0.550600677
63,KE201400000156,156,-0.44383,37.329179,0.550600677
64,KE201400000157,157,-0.471742,37.390082,0.559606971
65,KE201400000158,158,-0.733715,37.143516,0.504986821
66,KE201400000159,159,-0.730281,37.164135,0.504986821
67,KE201400000160,160,-0.710653,37.17209,0.538389591
68,KE201400000161,161,-0.648903,37.08002,0.466840237
69,KE201400000162,162,-0.680842,37.169294,0.515790905
70,KE201400000163,163,-0.794721,37.105286,0.49435281
71,KE201400000164,164,-0.746186,36.939081,0.427438296
72,KE201400000165,165,-0.733436,37.043008,0.456606481
73,KE201400000166,166,-0.68359,36.990416,0.434227437
74,KE201400000167,167,-0.668986,36.856277,0.404290313
75,KE201400000168,168,-0.68027,36.955927,0.419064702
76,KE201400000169,169,-0.65804,37.012108,0.435836954
77,KE201400000170,170,-0.589473,36.99055,0.416884072
78,KE201400000171,171,-0.624405,36.97886,0.420601962
79,KE201400000172,172,-0.895614,37.0078,0.470706465
80,KE201400000173,173,-0.905528,37.068519,0.495726692
81,KE201400000174,174,-0.944098,37.036829,0.485298657
82,KE201400000175,175,-0.859981,37.076587,0.488578413
83,KE201400000176,176,-0.826304,36.882033,0.428567957
84,KE201400000177,177,-0.838574,36.908361,0.425900773
85,KE201400000178,178,-0.82598,37.202827,0.553177676
86,KE201400000179,179,-0.842579,37.217941,0.569468877
87,KE201400000180,180,-0.892736,37.225612,0.566400938
88,KE201400000181,181,-0.921137,37.114661,0.493495455
89,KE201400000182,182,-0.961509,37.322731,0.569909808
90,KE201400000183,183,-0.794966,36.906636,0.426778373
91,KE201400000184,184,-0.761084,36.933367,0.425670285
92,KE201400000185,185,-0.800689,37.018838,0.454457516
93,KE201400000186,186,-0.837748,37.099044,0.491395845
94,KE201400000187,187,-0.801401,37.108933,0.491272998
95,KE201400000188,188,-0.796291,37.099225,0.49057987
96,KE201400000189,189,-0.798871,37.138091,0.520862175
97,KE201400000190,190,-1.034393,37.361741,0.557727096
98,KE201400000191,191,-0.932883,36.955664,0.455123693
99,KE201400000192,192,-0.963131,37.034262,0.485282694
100,KE201400000193,193,-0.875451,36.88438,0.432295397
101,KE201400000197,197,-1.138966,36.753466,0.419238178
102,KE201400000199,199,-1.266976,36.600454,0.4283877
103,KE201400000205,205,-1.150334,36.597213,0.398943929
104,KE201400000208,208,-0.876381,36.623502,0.366610301
105,KE201400000209,209,-0.933773,36.596336,0.367416734
106,KE201400000210,210,-1.006705,36.739989,0.41419451
107,KE201400000211,211,-1.016861,36.726304,0.413689566
108,KE201400000212,212,-1.136899,36.76864,0.42579509
109,KE201400000213,213,-1.092889,36.790353,0.427805853
110,KE201400000214,214,-1.031255,36.847814,0.433880456
111,KE201400000215,215,-1.03903,37.261507,0.554892646
112,KE201400000216,216,-1.071156,37.012823,0.506500661
113,KE201400000217,217,-1.039943,37.086751,0.513891145
114,KE201400000218,218,-1.040039,37.07392,0.468703156
115,KE201400000219,219,-1.053128,37.086969,0.464424447
116,KE201400000220,220,-1.075166,37.093542,0.464424447
117,KE201400000224,224,-1.150228,37.017182,0.536161364
118,KE201400000227,227,-0.95413,36.82788,0.424510827
119,KE201400000228,228,-0.988024,36.888131,0.442004073
120,KE201400000229,229,-1.017294,36.823876,0.427209734
121,KE201400000230,230,-0.964736,36.927786,0.449701856
122,KE201400000232,232,-0.922415,36.830119,0.42460503
123,KE201400000234,234,-3.97157,39.717502,0.462589336
124,KE201400000269,269,-4.246816,39.486476,0.519349429
125,KE201400000270,270,-4.167861,39.316179,0.522663545
126,KE201400000271,271,-4.22447,39.385369,0.5276649
127,KE201400000272,272,-4.150887,39.471838,0.515910043
128,KE201400000276,276,-4.008023,39.456967,0.529323758
129,KE201400000277,277,-3.938002,39.473718,0.518825914
130,KE201400000278,278,-3.909192,39.45911,0.521457655
131,KE201400000279,279,-4.127634,39.298249,0.516513011
132,KE201400000280,280,-4.025246,39.160355,0.528334667
133,KE201400000281,281,-4.198204,39.226841,0.520314133
134,KE201400000282,282,-3.973083,39.243846,0.535341569
135,KE201400000283,283,-3.768159,39.172251,0.547656538
136,KE201400000293,293,-4.442186,39.201351,0.531706124
137,KE201400000294,294,-4.4284,39.314892,0.535090933
138,KE201400000296,296,-4.367214,39.036752,0.520868245
139,KE201400000299,299,-4.469491,39.489473,0.500282768
140,KE201400000301,301,-3.463826,39.936023,0.50804603
141,KE201400000302,302,-3.443292,39.950692,0.508418624
142,KE201400000305,305,-3.940409,39.736717,0.485745678
143,KE201400000306,306,-3.952572,39.742745,0.485745678
144,KE201400000307,307,-3.93914,39.732601,0.485745678
145,KE201400000308,308,-3.853612,39.745835,0.50590028
146,KE201400000309,309,-3.850899,39.806964,0.507506648
147,KE201400000310,310,-3.490048,39.737486,0.502556063
148,KE201400000311,311,-3.652673,39.757497,0.507144123
149,KE201400000312,312,-3.590507,39.527396,0.51974271
150,KE201400000313,313,-3.729556,39.690748,0.506431483
151,KE201400000314,314,-3.804927,39.76651,0.504534864
152,KE201400000315,315,-3.83061,39.633115,0.493644245
153,KE201400000316,316,-3.842308,39.634,0.501268449
154,KE201400000317,317,-3.884601,39.524861,0.505979098
155,KE201400000318,318,-3.951288,39.611538,0.465150384
156,KE201400000319,319,-3.868253,39.485738,0.522740453
157,KE201400000320,320,-3.850751,39.457943,0.522613589
158,KE201400000321,321,-3.880782,39.542766,0.50401994
159,KE201400000322,322,-3.715756,39.596646,0.513936776
160,KE201400000330,330,-3.381388,39.943968,0.511369175
161,KE201400000331,331,-3.105848,39.78555,0.519375531
162,KE201400000334,334,-3.290975,39.813767,0.50997556
163,KE201400000335,335,-0.701589,39.000257,0.559612655
164,KE201400000336,336,-0.231804,39.296965,0.576749438
165,KE201400000338,338,-1.177903,39.910248,0.584549568
166,KE201400000339,339,-1.051664,39.73302,0.577131061
167,KE201400000340,340,-0.694972,39.76162,0.575408531
168,KE201400000341,341,-1.42132,40.031235,0.58981473
169,KE201400000342,342,-1.492789,40.015477,0.591110909
170,KE201400000343,343,-1.234241,39.923949,0.586194347
171,KE201400000344,344,-1.546487,40.057665,0.58541539
172,KE201400000345,345,-1.51826,40.068543,0.582203439
173,KE201400000346,346,-1.546127,39.216323,0.554318168
174,KE201400000347,347,-1.501885,40.010772,0.586602176
175,KE201400000348,348,-1.485353,40.027555,0.591110909
176,KE201400000349,349,-0.463706,39.603718,0.544245722
177,KE201400000350,350,-0.477675,39.611709,0.544245722
178,KE201400000351,351,-0.474145,39.628639,0.47130984
179,KE201400000352,352,-0.425303,39.608482,0.542519472
180,KE201400000353,353,-0.426962,39.400216,0.57289683
181,KE201400000354,354,-0.602493,39.776863,0.566374007
182,KE201400000355,355,-1.68287,40.101387,0.583416907
183,KE201400000356,356,-1.601712,39.98244,0.582996862
184,KE201400000357,357,-2.285589,40.10244,0.580026453
185,KE201400000358,358,-2.226168,39.994442,0.573233997
186,KE201400000359,359,-2.114905,40.155853,0.573548845
187,KE201400000360,360,-1.937471,39.962449,0.569552395
188,KE201400000361,361,-2.480266,40.549668,0.596594228
189,KE201400000363,363,-2.417757,40.213231,0.5830296
190,KE201400000364,364,-2.482511,40.240589,0.582008591
191,KE201400000366,366,-2.420697,40.191477,0.581920375
192,KE201400000379,379,-2.281916,40.881739,0.605590121
193,KE201400000380,380,-2.172063,40.814391,0.601275633
194,KE201400000381,381,-2.228304,40.855722,0.605007223
195,KE201400000382,382,-2.389919,40.761294,0.607033916
196,KE201400000383,383,-2.365013,40.722602,0.607046127
197,KE201400000384,384,-2.375449,40.691396,0.608016135
198,KE201400000385,385,-2.384338,40.699711,0.608016135
199,KE201400000386,386,-2.080532,40.486574,0.56912758
200,KE201400000387,387,-2.334056,40.549905,0.60030885
201,KE201400000388,388,-2.426329,40.725471,0.604801427
202,KE201400000389,389,-2.387769,40.570612,0.599748442
203,KE201400000390,390,-2.357282,40.663143,0.605832179
204,KE201400000391,391,-2.345333,40.696376,0.608111681
205,KE201400000392,392,-2.373058,40.461242,0.598634719
206,KE201400000393,393,-2.358999,40.361414,0.594181193
207,KE201400000394,394,-2.405671,40.371237,0.594700437
208,KE201400000398,398,-1.815831,40.796138,0.569733344
209,KE201400000399,399,-3.775851,38.64294,0.549273902
210,KE201400000400,400,-3.566665,38.734511,0.56021632
211,KE201400000401,401,-3.526174,38.619472,0.561707177
212,KE201400000402,402,-3.400005,38.566416,0.558973935
213,KE201400000403,403,-3.384242,38.54889,0.557559304
214,KE201400000404,404,-3.397599,38.5702,0.516100405
215,KE201400000405,405,-3.370572,38.560319,0.551241896
216,KE201400000406,406,-3.380176,38.573271,0.516100405
217,KE201400000407,407,-3.399587,38.558575,0.516100405
218,KE201400000408,408,-3.505407,38.379688,0.565937286
219,KE201400000409,409,-3.479944,38.415518,0.5589676
220,KE201400000410,410,-3.586587,38.467748,0.565455569
221,KE201400000411,411,-3.636601,38.381954,0.563460464
222,KE201400000412,412,-3.449785,38.326564,0.539411085
223,KE201400000413,413,-3.442766,38.304426,0.535686662
224,KE201400000414,414,-3.385227,38.34636,0.533870377
225,KE201400000415,415,-3.396853,38.379129,0.549571004
226,KE201400000416,416,-3.280824,38.266454,0.536189624
227,KE201400000417,417,-3.398612,38.310817,0.532785972
228,KE201400000418,418,-3.397673,38.359547,0.538395149
229,KE201400000419,419,-3.377656,38.345331,0.533870377
230,KE201400000420,420,-3.385064,38.454961,0.554703769
231,KE201400000421,421,-3.354748,38.500362,0.554738973
232,KE201400000422,422,-3.339615,38.431238,0.547102246
233,KE201400000423,423,-3.029866,38.640847,0.556011486
234,KE201400000425,425,-3.363061,37.687176,0.479110746
235,KE201400000426,426,-3.398621,37.676841,0.478855019
236,KE201400000427,427,-3.396215,37.680804,0.478855019
237,KE201400000428,428,-3.424485,37.693477,0.484182484
238,KE201400000429,429,-3.375506,37.67549,0.478855019
239,KE201400000431,431,2.342909,37.998804,0.495948308
240,KE201400000432,432,2.329184,37.943391,0.498498174
241,KE201400000433,433,2.347209,37.978154,0.495948308
242,KE201400000434,434,2.341871,37.986691,0.495948308
243,KE201400000435,435,2.186941,37.988364,0.499590331
244,KE201400000436,436,2.498319,38.018753,0.494926552
245,KE201400000437,437,2.227143,38.028504,0.500401244
246,KE201400000438,438,3.776048,37.576506,0.439641991
247,KE201400000439,439,4.111863,37.285043,0.420651694
248,KE201400000440,440,3.045764,37.216211,0.442023398
249,KE201400000441,441,2.922901,37.681742,0.467800374
250,KE201400000442,442,4.38586,36.272932,0.425042566
251,KE201400000443,443,3.306204,36.995748,0.433205055
252,KE201400000444,444,2.775784,38.11799,0.483141406
253,KE201400000445,445,3.112698,38.418537,0.462919491
254,KE201400000446,446,1.592403,37.838373,0.520040993
255,KE201400000447,447,1.486343,37.727736,0.51723842
256,KE201400000448,448,1.978691,37.521167,0.499557376
257,KE201400000450,450,1.854861,37.454053,0.499454485
258,KE201400000451,451,2.244301,36.916336,0.46037942
259,KE201400000453,453,3.501083,39.040091,0.435001452
260,KE201400000454,454,3.516632,39.071901,0.476362766
261,KE201400000455,455,3.522562,39.051938,0.476362766
262,KE201400000456,456,3.514832,39.039967,0.343935588
263,KE201400000457,457,3.514961,39.073347,0.476362766
264,KE201400000458,458,3.528306,39.077476,0.476362766
265,KE201400000459,459,3.201147,39.201026,0.479100891
266,KE201400000460,460,3.45067,39.056259,0.470096393
267,KE201400000461,461,3.558458,38.643362,0.463431057
268,KE201400000462,462,2.740703,38.915554,0.48568185
269,KE201400000463,463,0.348003,37.573582,0.47641295
270,KE201400000464,464,0.336422,37.581132,0.47641295
271,KE201400000465,465,0.351077,37.569209,0.47641295
272,KE201400000466,466,0.330629,37.571966,0.498019831
273,KE201400000467,467,0.332453,37.584824,0.507059879
274,KE201400000468,468,0.336936,37.570374,0.47641295
275,KE201400000469,469,0.368044,37.596728,0.478718519
276,KE201400000470,470,0.398065,37.574888,0.500067935
277,KE201400000471,471,0.358663,37.554803,0.497865247
278,KE201400000472,472,0.509139,37.496904,0.492346062
279,KE201400000473,473,0.401648,37.57875,0.500067935
280,KE201400000474,474,0.356698,37.600857,0.478718519
281,KE201400000475,475,0.36916,37.595143,0.478718519
282,KE201400000476,476,0.364467,37.599764,0.478718519
283,KE201400000477,477,0.548846,37.721797,0.519966452
284,KE201400000478,478,0.635689,36.993589,0.435228486
285,KE201400000479,479,0.601502,36.977064,0.430809549
286,KE201400000480,480,0.612394,37.092353,0.444530355
287,KE201400000481,481,0.87393,38.497561,0.55904649
288,KE201400000482,482,1.00982,38.616363,0.555087343
289,KE201400000483,483,1.082906,38.671736,0.553927154
290,KE201400000484,484,1.958061,38.834792,0.498417837
291,KE201400000485,485,1.610971,38.945492,0.509293312
292,KE201400000486,486,0.615075,38.391979,0.570686997
293,KE201400000487,487,0.466938,38.673005,0.584028216
294,KE201400000489,489,0.424127,38.209923,0.569634934
295,KE201400000490,490,0.305212,38.228155,0.574375432
296,KE201400000491,491,0.515633,38.214759,0.567109281
297,KE201400000492,492,1.034683,39.259385,0.541812561
298,KE201400000493,493,1.071336,39.069807,0.543430796
299,KE201400000494,494,0.971676,38.945918,0.546376221
300,KE201400000495,495,0.067448,37.470007,0.507537564
301,KE201400000496,496,-0.001947,37.613637,0.498379477
302,KE201400000497,497,-0.006369,37.694616,0.514163686
303,KE201400000498,498,-0.00228,37.798454,0.541736294
304,KE201400000499,499,-0.060366,37.722692,0.532782464
305,KE201400000500,500,0.203712,37.368999,0.486843196
306,KE201400000501,501,0.088803,37.594487,0.496688774
307,KE201400000502,502,0.073251,37.6332,0.44732389
308,KE201400000503,503,0.094062,37.706403,0.50617639
309,KE201400000504,504,0.023903,37.776946,0.532865187
310,KE201400000505,505,0.062527,37.624742,0.487394659
311,KE201400000506,506,0.062009,37.633832,0.44732389
312,KE201400000507,507,0.051115,37.678145,0.48681593
313,KE201400000508,508,0.040978,37.63868,0.505487665
314,KE201400000509,509,-0.098188,37.600692,0.519751822
315,KE201400000510,510,-0.064991,37.667751,0.519020751
316,KE201400000511,511,-0.102102,37.791086,0.55412882
317,KE201400000512,512,-0.10055,37.574304,0.521859538
318,KE201400000513,513,-0.106738,37.726475,0.54200903
319,KE201400000514,514,0.304952,37.90595,0.52099423
320,KE201400000515,515,0.249788,37.880908,0.519284579
321,KE201400000516,516,0.380873,37.986308,0.542073905
322,KE201400000517,517,0.315799,38.007937,0.538065294
323,KE201400000518,518,0.328824,37.965919,0.530789557
324,KE201400000519,519,0.241269,37.936243,0.520983613
325,KE201400000520,520,0.246473,37.936669,0.528067182
326,KE201400000521,521,0.1704,37.914147,0.526312134
327,KE201400000522,522,0.189305,38.03899,0.559753073
328,KE201400000523,523,0.289382,37.885311,0.522373648
329,KE201400000524,524,0.194116,37.978863,0.537220909
330,KE201400000525,525,0.211879,38.052557,0.558323347
331,KE201400000526,526,0.154022,37.851466,0.520257393
332,KE201400000527,527,0.044966,37.875649,0.542730699
333,KE201400000528,528,0.149079,37.746012,0.513359742
334,KE201400000529,529,0.152777,37.81956,0.518134939
335,KE201400000530,530,0.222596,37.66839,0.519457614
336,KE201400000531,531,0.208009,37.795956,0.520018317
337,KE201400000532,532,-0.329215,37.630916,0.544225758
338,KE201400000533,533,-0.328819,37.659307,0.544225758
339,KE201400000534,534,-0.332799,37.636498,0.544225758
340,KE201400000535,535,-0.36206,37.756287,0.58710955
341,KE201400000536,536,-0.305443,37.677588,0.555486524
342,KE201400000537,537,-0.330977,37.676715,0.555486524
343,KE201400000538,538,-0.387891,37.686621,0.572173986
344,KE201400000539,539,-0.343334,37.699326,0.55174605
345,KE201400000540,540,-0.362544,37.683074,0.571899434
346,KE201400000541,541,-0.342744,37.662761,0.561032101
347,KE201400000542,542,-0.391583,37.644952,0.564718094
348,KE201400000543,543,-0.424525,37.814958,0.597880633
349,KE201400000544,544,-0.262807,37.850257,0.582661178
350,KE201400000545,545,-0.247145,37.598794,0.550851377
351,KE201400000546,546,-0.317768,37.718301,0.567423824
352,KE201400000547,547,-0.261945,37.634681,0.549151549
353,KE201400000548,548,-0.226208,37.666291,0.531823831
354,KE201400000549,549,-0.228338,37.749973,0.564857637
355,KE201400000550,550,-0.238827,37.620339,0.532512515
356,KE201400000551,551,-0.255498,37.664408,0.539142361
357,KE201400000552,552,-0.26312,37.726166,0.559313596
358,KE201400000553,553,-0.29045,37.722667,0.563614623
359,KE201400000554,554,-0.263505,37.652468,0.543210683
360,KE201400000555,555,-0.154915,37.981672,0.579400238
361,KE201400000556,556,-0.037748,38.002016,0.572119104
362,KE201400000557,557,-0.040081,37.920698,0.563490738
363,KE201400000558,558,-0.13089,38.057286,0.580002867
364,KE201400000559,559,0.000568,37.992587,0.568380003
365,KE201400000560,560,0.021916,38.046437,0.576607581
366,KE201400000561,561,-0.14879,37.848499,0.571547518
367,KE201400000562,562,-0.326295,37.878701,0.591138556
368,KE201400000563,563,-0.186193,37.883266,0.579754588
369,KE201400000564,564,-0.549331,37.46028,0.577914118
370,KE201400000565,565,-0.543565,37.459641,0.577914118
371,KE201400000566,566,-0.545323,37.455645,0.586237384
372,KE201400000567,567,-0.544259,37.449074,0.586237384
373,KE201400000568,568,-0.527757,37.48083,0.571295686
374,KE201400000569,569,-0.516284,37.454801,0.576960875
375,KE201400000570,570,-0.581036,37.485643,0.577914118
376,KE201400000571,571,-0.421793,37.475604,0.559504142
377,KE201400000572,572,-0.423025,37.482503,0.558029412
378,KE201400000573,573,-0.441669,37.554673,0.568358335
379,KE201400000574,574,-0.477462,37.448565,0.566559396
380,KE201400000575,575,-0.476645,37.484757,0.568525295
381,KE201400000576,576,-0.444713,37.646818,0.581223598
382,KE201400000577,577,-0.37126,37.553789,0.572523461
383,KE201400000578,578,-0.412308,37.611773,0.56896816
384,KE201400000579,579,-0.484662,37.62388,0.586643764
385,KE201400000580,580,-0.462447,37.584034,0.583921578
386,KE201400000581,581,-0.432434,37.573393,0.558587738
387,KE201400000582,582,-0.435796,37.554369,0.566161517
388,KE201400000583,583,-0.41061,37.539932,0.560494066
389,KE201400000584,584,-0.543542,37.541197,0.590009323
390,KE201400000585,585,-0.475182,37.477677,0.566038185
391,KE201400000586,586,-0.482088,37.792884,0.598470213
392,KE201400000587,587,-0.449393,37.7822,0.598829349
393,KE201400000588,588,-0.591828,37.583731,0.594760696
394,KE201400000589,589,-0.733167,37.520082,0.589808067
395,KE201400000590,590,-0.79375,37.400948,0.589287776
396,KE201400000591,591,-0.817949,37.423044,0.591334331
397,KE201400000592,592,-0.684338,37.562383,0.590783836
398,KE201400000593,593,-0.641143,37.613961,0.59126726
399,KE201400000594,594,-0.760206,37.669662,0.588957489
400,KE201400000595,595,-0.707665,37.718841,0.590430241
401,KE201400000596,596,-1.42159,37.953235,0.53328774
402,KE201400000597,597,-1.295143,38.073275,0.536101361
403,KE201400000598,598,-1.307842,38.03986,0.522336561
404,KE201400000599,599,-1.355365,38.008072,0.527653779
405,KE201400000600,600,-1.397596,37.998989,0.529392485
406,KE201400000601,601,-1.232403,38.07795,0.542737423
407,KE201400000602,602,-1.32803,37.970683,0.535292073
408,KE201400000603,603,-1.273152,37.979913,0.537695528
409,KE201400000604,604,-1.184392,37.980094,0.540278842
410,KE201400000605,605,-1.233703,37.859444,0.555748144
411,KE201400000606,606,-1.471454,38.133033,0.52873149
412,KE201400000607,607,-1.512591,38.068221,0.530862333
413,KE201400000608,608,-1.412857,38.075154,0.524889557
414,KE201400000609,609,-1.534992,38.092479,0.528204543
415,KE201400000610,610,-1.789409,37.911209,0.504781967
416,KE201400000611,611,-1.849476,38.013075,0.505273984
417,KE201400000612,612,-1.478757,38.194676,0.528234026
418,KE201400000613,613,-1.713196,38.078261,0.519245795
419,KE201400000614,614,-1.74515,38.092682,0.515674844
420,KE201400000615,615,-1.581242,38.236764,0.522278123
421,KE201400000616,616,-2.006364,38.427631,0.510000476
422,KE201400000617,617,-2.155751,38.295147,0.497540487
423,KE201400000618,618,-0.936233,38.060164,0.517845496
424,KE201400000619,619,-0.929926,38.051219,0.517845496
425,KE201400000620,620,-0.876089,37.9551,0.560861176
426,KE201400000621,621,-0.797989,38.137333,0.552890816
427,KE201400000622,622,-0.786652,38.290314,0.549079659
428,KE201400000623,623,-1.092823,38.025978,0.548548099
429,KE201400000624,624,-1.024224,37.989082,0.552905305
430,KE201400000625,625,-0.905296,37.86863,0.565946627
431,KE201400000626,626,-0.626376,38.226788,0.554600832
432,KE201400000627,627,-0.6154,38.548466,0.559503506
433,KE201400000628,628,-0.531987,37.952934,0.581364122
434,KE201400000629,629,-0.704131,38.046482,0.562309022
435,KE201400000630,630,-1.454578,36.973029,0.47122505
436,KE201400000631,631,-1.469518,36.967351,0.492858773
437,KE201400000632,632,-1.291955,36.995966,0.50359657
438,KE201400000633,633,-1.408042,36.946302,0.49518909
439,KE201400000634,634,-1.382837,36.944226,0.49518909
440,KE201400000635,635,-1.391189,37.24523,0.481680677
441,KE201400000636,636,-1.570985,37.234407,0.488146218
442,KE201400000637,637,-1.472537,37.286328,0.465970091
443,KE201400000638,638,-1.521235,37.295831,0.460737026
444,KE201400000639,639,-1.539372,37.250088,0.428264205
445,KE201400000640,640,-1.36106,37.273127,0.500025532
446,KE201400000641,641,-1.418263,37.317885,0.486615647
447,KE201400000642,642,-1.413597,37.300353,0.487469167
448,KE201400000643,643,-1.48385,37.325185,0.480886624
449,KE201400000644,644,-1.612201,37.370602,0.483477677
450,KE201400000645,645,-1.317644,37.385279,0.506817347
451,KE201400000646,646,-1.196755,37.355968,0.529014153
452,KE201400000647,647,-1.416673,37.392972,0.50143859
453,KE201400000648,648,-1.392948,37.483173,0.520740299
454,KE201400000649,649,-1.480115,37.539295,0.513763104
455,KE201400000650,650,-1.516178,37.671922,0.521106496
456,KE201400000651,651,-0.895003,37.746193,0.574633002
457,KE201400000652,652,-0.963075,37.617061,0.577268349
458,KE201400000653,653,-0.968931,37.371851,0.571853401
459,KE201400000654,654,-0.905137,37.340838,0.579151403
460,KE201400000655,655,-1.138547,37.479568,0.542005743
461,KE201400000656,656,-1.153829,37.532197,0.544777836
462,KE201400000657,657,-1.083816,37.449079,0.554435415
463,KE201400000658,658,-1.352095,37.661925,0.537310114
464,KE201400000659,659,-1.42282,37.796186,0.537233685
465,KE201400000660,660,-1.348697,37.362045,0.498384583
466,KE201400000661,661,-1.337319,37.383537,0.49797022
467,KE201400000662,662,-1.243315,37.260067,0.524116183
468,KE201400000663,663,-1.26249,37.306336,0.495788244
469,KE201400000664,664,-1.229274,37.353598,0.513158868
470,KE201400000665,665,-1.139872,37.273967,0.55627705
471,KE201400000666,666,-1.704569,37.58845,0.496381477
472,KE201400000667,667,-1.721319,37.290695,0.481607501
473,KE201400000668,668,-1.89035,37.414702,0.466394938
474,KE201400000669,669,-1.812395,37.363757,0.466918052
475,KE201400000670,670,-1.801635,37.362263,0.452955516
476,KE201400000671,671,-1.813839,37.401138,0.468533994
477,KE201400000672,672,-1.795983,37.633295,0.481963797
478,KE201400000673,673,-1.891727,37.600768,0.479739034
479,KE201400000674,674,-1.896272,37.623576,0.479739034
480,KE201400000675,675,-1.763968,37.688114,0.496558272
481,KE201400000676,676,-1.832184,37.816308,0.494248971
482,KE201400000677,677,-1.673889,37.692251,0.505974263
483,KE201400000678,678,-1.653898,37.634529,0.502177674
484,KE201400000679,679,-1.529678,37.463799,0.498037907
485,KE201400000680,680,-1.549952,37.40745,0.490839092
486,KE201400000681,681,-1.646705,37.494122,0.486980278
487,KE201400000682,682,-1.754687,37.49204,0.480557712
488,KE201400000683,683,-2.685938,38.158283,0.486661852
489,KE201400000684,684,-2.545405,38.111024,0.477746453
490,KE201400000685,685,-2.716105,38.016288,0.469993434
491,KE201400000686,686,-2.586933,38.122885,0.477914461
492,KE201400000687,687,-2.276143,37.817825,0.457536086
493,KE201400000688,688,-2.325797,37.854934,0.462858431
494,KE201400000689,689,-2.527858,37.962431,0.465625041
495,KE201400000690,690,-2.533305,37.93016,0.464149354
496,KE201400000691,691,-2.17842,37.967673,0.481435805
497,KE201400000692,692,-2.452408,38.047874,0.474680757
498,KE201400000693,693,-1.90501,37.3585,0.465392671
499,KE201400000694,694,-1.946618,37.320474,0.46793991
500,KE201400000696,696,-1.985316,37.422072,0.463492992
501,KE201400000697,697,-2.080372,37.53092,0.468561386
502,KE201400000698,698,-2.082994,37.471616,0.466967989
503,KE201400000699,699,-2.120693,37.567053,0.467952195
504,KE201400000700,700,-0.454445,39.655837,0.463949591
505,KE201400000701,701,-0.458232,39.636497,0.463949591
506,KE201400000702,702,-0.427119,39.624902,0.542519472
507,KE201400000703,703,-0.440805,39.633523,0.463949591
508,KE201400000704,704,-0.430331,39.64313,0.463949591
509,KE201400000705,705,-0.468206,39.63916,0.47130984
510,KE201400000706,706,-0.476895,39.650839,0.47130984
511,KE201400000707,707,-0.457714,39.665696,0.463949591
512,KE201400000708,708,-0.458459,39.641646,0.47130984
513,KE201400000709,709,-0.058799,39.275261,0.576546619
514,KE201400000710,710,-0.242516,39.496854,0.56240114
515,KE201400000712,712,0.204568,38.859705,0.588957101
516,KE201400000714,714,0.37825,38.745586,0.585122912
517,KE201400000715,715,0.415822,39.274398,0.562521142
518,KE201400000716,716,0.598073,39.137667,0.564554465
519,KE201400000717,717,0.72355,39.189721,0.561020135
520,KE201400000718,718,0.288989,39.589534,0.543136957
521,KE201400000719,719,0.150229,39.681839,0.543776109
522,KE201400000720,720,0.258031,40.186981,0.51916453
523,KE201400000721,721,0.041764,40.295984,0.482521081
524,KE201400000722,722,0.155825,40.506317,0.50611081
525,KE201400000724,724,-0.658514,40.026117,0.570911787
526,KE201400000726,726,-0.185354,40.02221,0.543829908
527,KE201400000727,727,-1.200976,40.999991,0.531104733
528,KE201400000728,728,-1.685928,40.592236,0.56757718
529,KE201400000729,729,-1.319721,40.690411,0.563119278
530,KE201400000730,730,-1.6991,40.166284,0.587082718
531,KE201400000731,731,-1.689187,40.170556,0.59081165
532,KE201400000732,732,-1.834079,40.193816,0.57838093
533,KE201400000733,733,-1.642286,40.42262,0.581098279
534,KE201400000734,734,1.506978,40.525738,0.527959745
535,KE201400000735,735,0.906832,40.93322,0.495691059
536,KE201400000736,736,0.614426,40.619684,0.504009029
537,KE201400000737,737,0.270993,40.437182,0.502285869
538,KE201400000738,738,0.637567,39.901649,0.519002044
539,KE201400000739,739,1.030099,39.531933,0.541715969
540,KE201400000741,741,3.262466,39.344786,0.482918681
541,KE201400000742,742,2.826152,39.535415,0.485840582
542,KE201400000743,743,2.524476,39.610838,0.489500984
543,KE201400000744,744,3.233338,39.639381,0.487319286
544,KE201400000745,745,3.333575,39.761966,0.492756846
545,KE201400000746,746,1.748496,40.060128,0.433967791
546,KE201400000747,747,1.732988,40.050532,0.433967791
547,KE201400000748,748,1.762477,40.031926,0.541204709
548,KE201400000749,749,1.735749,40.047056,0.433967791
549,KE201400000750,750,1.762255,40.04892,0.529134265
550,KE201400000751,751,1.759407,40.040284,0.541204709
551,KE201400000752,752,1.749335,40.079789,0.433967791
552,KE201400000753,753,1.783209,40.109061,0.536390319
553,KE201400000754,754,1.742253,40.087625,0.523530496
554,KE201400000755,755,1.737204,40.056995,0.433967791
555,KE201400000756,756,1.731009,40.052482,0.433967791
556,KE201400000757,757,1.771594,40.240862,0.535638618
557,KE201400000760,760,2.931557,40.223219,0.510977494
558,KE201400000761,761,1.944362,40.313946,0.532611923
559,KE201400000762,762,2.430104,39.260371,0.483297675
560,KE201400000764,764,1.639775,39.872626,0.530167937
561,KE201400000766,766,1.638288,39.422847,0.521625855
562,KE201400000768,768,3.48595,40.952211,0.56278189
563,KE201400000769,769,3.933325,40.775623,0.551376418
564,KE201400000770,770,2.816252,40.918708,0.544229887
565,KE201400000771,771,2.807249,40.923599,0.529426249
566,KE201400000772,772,2.790405,40.918588,0.54112901
567,KE201400000773,773,2.86225,40.856728,0.544129367
568,KE201400000774,774,2.83275,40.918399,0.529426249
569,KE201400000775,775,2.722217,40.796932,0.531490037
570,KE201400000776,776,2.535293,40.890612,0.536207484
571,KE201400000777,777,2.639338,40.680457,0.52352736
572,KE201400000778,778,3.930243,41.225423,0.556858427
573,KE201400000779,779,3.941672,40.881635,0.554582885
574,KE201400000780,780,2.953971,40.376952,0.519502055
575,KE201400000781,781,3.02255,40.444771,0.524688904
576,KE201400000782,782,2.954219,40.800789,0.538367202
577,KE201400000783,783,3.16276,41.072253,0.558440279
578,KE201400000784,784,3.226058,41.294533,0.551268183
579,KE201400000785,785,3.425329,40.943983,0.561944538
580,KE201400000786,786,3.570919,41.553871,0.555759159
581,KE201400000787,787,3.820418,41.420771,0.561622005
582,KE201400000788,788,3.927921,41.590788,0.527981406
583,KE201400000789,789,3.945475,41.854088,0.489528659
584,KE201400000790,790,3.944343,41.847418,0.489528659
585,KE201400000791,791,3.937734,41.877195,0.378388423
586,KE201400000792,792,3.922731,41.846126,0.489528659
587,KE201400000793,793,3.938649,41.783005,0.572197714
588,KE201400000794,794,3.918647,40.375932,0.528893618
589,KE201400000795,795,3.883508,40.166019,0.517514514
590,KE201400000796,796,3.850586,39.99367,0.499808197
591,KE201400000797,797,3.513137,39.8018,0.488458801
592,KE201400000798,798,3.713395,39.960481,0.504059823
593,KE201400000799,799,4.184571,40.688847,0.52662539
594,KE201400000801,801,3.398805,40.221922,0.520814867
595,KE201400000802,802,0.138749,34.2298,0.590441351
596,KE201400000803,803,0.143366,34.299906,0.593459274
597,KE201400000804,804,0.047462,34.275533,0.581240736
598,KE201400000805,805,0.066367,34.282932,0.581240736
599,KE201400000806,806,0.059374,34.295319,0.586365961
600,KE201400000807,807,0.02778,34.306124,0.604841861
601,KE201400000808,808,-0.045949,34.297869,0.616983524
602,KE201400000809,809,0.085733,34.167543,0.597969986
603,KE201400000810,810,0.123982,34.10069,0.589084264
604,KE201400000811,811,0.266462,34.154096,0.584862308
605,KE201400000812,812,0.282645,34.23403,0.588180934
606,KE201400000813,813,0.161909,34.274359,0.591842105
607,KE201400000814,814,0.137155,34.255292,0.59079342
608,KE201400000815,815,0.162692,34.276691,0.592343362
609,KE201400000816,816,0.174059,34.291056,0.589150197
610,KE201400000817,817,0.241883,34.365844,0.595384733
611,KE201400000818,818,0.079429,34.528511,0.606498821
612,KE201400000819,819,0.116886,34.433967,0.605372484
613,KE201400000820,820,0.064366,34.49753,0.611424314
614,KE201400000821,821,0.024582,34.406253,0.619424843
615,KE201400000822,822,-0.097559,34.269893,0.613724229
616,KE201400000823,823,-0.099599,34.26874,0.613724229
617,KE201400000824,824,-0.094402,34.283453,0.613724229
618,KE201400000825,825,-0.076695,34.23439,0.61778466
619,KE201400000826,826,-0.139794,34.242502,0.624511584
620,KE201400000827,827,-0.044115,34.062398,0.590587397
621,KE201400000828,828,-0.022987,34.076254,0.592022273
622,KE201400000830,830,-0.174675,34.388051,0.629793371
623,KE201400000831,831,-0.062453,34.381041,0.623788338
624,KE201400000832,832,-0.184669,34.395803,0.632885773
625,KE201400000833,833,-0.121991,34.333359,0.625709092
626,KE201400000834,834,-0.267824,34.368393,0.651742206
627,KE201400000835,835,-0.394181,34.300305,0.652089645
628,KE201400000854,854,-0.074951,34.498248,0.620837396
629,KE201400000855,855,-0.13303,34.47001,0.624005973
630,KE201400000858,858,-0.1185,35.016995,0.54853102
631,KE201400000860,860,-0.091983,35.145513,0.515354873
632,KE201400000861,861,-0.172847,35.284183,0.500377137
633,KE201400000862,862,-0.091254,35.174043,0.510526676
634,KE201400000871,871,-1.066089,34.463777,0.620962159
635,KE201400000872,872,-1.093901,34.518664,0.637274344
636,KE201400000873,873,-1.094678,34.464601,0.624859916
637,KE201400000874,874,-1.067843,34.464298,0.620962159
638,KE201400000875,875,-1.055966,34.446678,0.627401506
639,KE201400000876,876,-1.057541,34.26778,0.645239721
640,KE201400000877,877,-1.105006,34.392385,0.639115721
641,KE201400000878,878,-0.944094,34.299313,0.656639055
642,KE201400000879,879,-0.939973,34.14151,0.653128069
643,KE201400000880,880,-1.052997,34.254425,0.644710496
644,KE201400000881,881,-0.848447,34.287904,0.660439974
645,KE201400000882,882,-0.832691,34.164287,0.665366403
646,KE201400000883,883,-0.752505,34.623826,0.636705675
647,KE201400000884,884,-0.885667,34.607629,0.634604862
648,KE201400000885,885,-0.718213,34.561011,0.653270328
649,KE201400000886,886,-0.920352,34.606773,0.635973796
650,KE201400000887,887,-0.714712,34.636064,0.643427707
651,KE201400000888,888,-0.661671,34.630472,0.658942342
652,KE201400000889,889,-1.043513,34.527248,0.639649987
653,KE201400000890,890,-0.926897,34.479431,0.647502558
654,KE201400000891,891,-0.933037,34.457781,0.647072651
655,KE201400000892,892,-0.979191,34.369895,0.649860604
656,KE201400000893,893,-0.855366,34.564983,0.645147363
657,KE201400000894,894,-0.844898,34.580565,0.645147363
658,KE201400000895,895,-0.910417,34.543607,0.644066703
659,KE201400000896,896,-0.8057,34.552448,0.641619447
660,KE201400000897,897,-0.907212,34.582048,0.644066703
661,KE201400000898,898,-1.248365,34.486299,0.620020618
662,KE201400000899,899,-1.224197,34.514038,0.63201077
663,KE201400000900,900,-1.240704,34.501323,0.631243817
664,KE201400000901,901,-1.237639,34.585219,0.629050769
665,KE201400000902,902,-1.210613,34.436789,0.634297053
666,KE201400000903,903,-1.199359,34.474464,0.633545375
667,KE201400000904,904,-1.377167,34.718487,0.606185717
668,KE201400000905,905,-1.301786,34.695447,0.621323233
669,KE201400000906,906,-0.526048,34.48093,0.651525964
670,KE201400000910,910,-0.598406,34.568014,0.666450193
671,KE201400000911,911,-0.534778,34.57542,0.666697278
672,KE201400000912,912,-0.513423,34.586917,0.665531918
673,KE201400000913,913,-0.760167,34.295685,0.660026866
674,KE201400000914,914,-0.820224,34.291818,0.660414022
675,KE201400000915,915,-0.807209,34.287728,0.6600657
676,KE201400000916,916,-0.708812,34.353443,0.66557963
677,KE201400000917,917,-0.725429,34.437542,0.668598353
678,KE201400000918,918,-0.601865,34.392258,0.665032927
679,KE201400000919,919,-0.723708,34.437811,0.668598353
680,KE201400000920,920,-0.378583,34.166912,0.651251591
681,KE201400000922,922,-0.534054,34.402113,0.661232475
682,KE201400000923,923,-0.667493,34.137928,0.638042675
683,KE201400000924,924,-0.598918,34.132259,0.635532212
684,KE201400000925,925,-0.77303,34.087302,0.642626403
685,KE201400000926,926,-0.54748,34.165545,0.631569287
686,KE201400000927,927,-0.594492,34.269106,0.663139783
687,KE201400000934,934,-0.508201,34.832003,0.634023568
688,KE201400000937,937,-0.513164,34.728437,0.64394283
689,KE201400000938,938,-0.527802,34.752946,0.645758817
690,KE201400000939,939,-0.559482,34.643764,0.666871291
691,KE201400000940,940,-0.758057,34.874294,0.621416514
692,KE201400000941,941,-0.685521,34.786786,0.626612996
693,KE201400000942,942,-0.700684,34.76471,0.626612996
694,KE201400000943,943,-0.686153,34.772637,0.626612996
695,KE201400000944,944,-0.710276,34.81387,0.635652612
696,KE201400000945,945,-0.525382,34.851854,0.631724462
697,KE201400000946,946,-0.583811,34.769116,0.650406094
698,KE201400000947,947,-0.60709,34.877604,0.630032635
699,KE201400000948,948,-0.611955,34.717661,0.65773517
700,KE201400000949,949,-0.587201,34.730426,0.656662777
701,KE201400000950,950,-0.6537,34.789516,0.644130571
702,KE201400000951,951,-0.684554,34.757315,0.626612996
703,KE201400000952,952,-0.669369,34.75243,0.626612996
704,KE201400000953,953,-0.686677,34.729673,0.64805036
705,KE201400000954,954,-0.646415,34.734221,0.654056049
706,KE201400000955,955,-0.67204,34.698698,0.649986087
707,KE201400000956,956,-0.680802,34.653743,0.652169959
708,KE201400000957,957,-0.807093,34.944246,0.604174232
709,KE201400000958,958,-0.766369,34.928969,0.605741011
710,KE201400000959,959,-0.890549,34.915605,0.602468537
711,KE201400000960,960,-0.857861,34.912907,0.606977528
712,KE201400000961,961,-0.783931,34.711694,0.633749606
713,KE201400000962,962,-0.859286,34.752703,0.619888351
714,KE201400000963,963,-0.869601,34.711621,0.620744864
715,KE201400000964,964,-0.923634,34.791847,0.619316872
716,KE201400000965,965,-0.937452,34.737316,0.623414055
717,KE201400000966,966,-0.942298,34.699651,0.626149817
718,KE201400000967,967,-0.881332,34.869375,0.613051759
719,KE201400000968,968,-0.747563,34.756077,0.63518214
720,KE201400000969,969,-0.881647,34.842913,0.614172205
721,KE201400000970,970,-0.921413,34.862754,0.615953327
722,KE201400000971,971,-0.799297,34.633352,0.637614715
723,KE201400000972,972,-0.715856,34.63974,0.643427707
724,KE201400000973,973,-0.74842,34.633447,0.643329757
725,KE201400000974,974,-0.90942,34.680982,0.627293657
726,KE201400000975,975,-0.886415,34.659159,0.625260581
727,KE201400000976,976,-0.733015,34.900775,0.620703952
728,KE201400000977,977,-0.775312,34.953521,0.605741011
729,KE201400000978,978,-0.779236,34.950389,0.605741011
730,KE201400000979,979,-0.682846,34.95128,0.616649178
731,KE201400000980,980,-0.701118,35.011595,0.61235787
732,KE201400000981,981,-0.678799,34.889898,0.626514333
733,KE201400000982,982,-0.767155,34.940573,0.613468965
734,KE201400000983,983,-0.502671,34.873884,0.629776648
735,KE201400000984,984,-0.499335,34.907684,0.613567552
736,KE201400000985,985,-0.574074,34.94356,0.614354037
737,KE201400000987,987,-0.445868,35.00743,0.586670122
738,KE201400000988,988,-0.447872,35.004718,0.586670122
739,KE201400000989,989,-0.523705,34.995298,0.599117761
740,KE201400000990,990,-0.503994,35.006505,0.594175801
741,KE201400000991,991,-0.561426,34.950533,0.611244718
742,KE201400000992,992,-0.633241,35.053347,0.599568982
743,KE201400000993,993,-0.550913,34.987693,0.60497966
744,KE201400000994,994,-0.638539,34.964385,0.616127507
745,KE201400000995,995,-0.617678,34.962564,0.604745908
746,KE201400000996,996,-0.584788,34.946663,0.616427916
747,KE201400000997,997,-0.572132,34.938426,0.611455755
748,KE201400000998,998,-0.55456,34.937634,0.611455755
749,KE201400000999,999,-0.615024,34.903756,0.623841263
750,KE201400001000,1000,-0.640455,34.915042,0.622045446
751,KE201400001001,1001,-0.663048,34.862892,0.632029848
752,KE201400001002,1002,-0.73235,34.870032,0.624833622
753,KE201400001003,1003,-0.62325,34.911907,0.623841263
754,KE201400001004,1004,-0.638252,34.85385,0.636763457
755,KE201400001005,1005,-0.795502,35.02299,0.604242612
756,KE201400001006,1006,-0.75192,35.022081,0.611525561
757,KE201400001007,1007,-0.809332,35.045977,0.600078883
758,KE201400001008,1008,-0.702665,35.047133,0.603692635
759,KE201400001009,1009,3.113007,35.578603,0.374224505
760,KE201400001010,1010,3.124973,35.602122,0.381319523
761,KE201400001011,1011,3.146892,35.602587,0.382536764
762,KE201400001013,1013,3.129842,35.734787,0.382089206
763,KE201400001014,1014,2.758791,36.04941,0.402998633
764,KE201400001015,1015,3.016744,34.977289,0.395249006
765,KE201400001016,1016,2.947348,34.626478,0.490584503
766,KE201400001017,1017,3.646151,35.805065,0.408718487
767,KE201400001018,1018,2.941647,35.17873,0.397999894
768,KE201400001019,1019,2.698301,35.130607,0.410818804
769,KE201400001020,1020,3.32035,35.191933,0.390014807
770,KE201400001021,1021,4.240608,35.727812,0.424032842
771,KE201400001022,1022,4.297217,35.901381,0.426415845
772,KE201400001023,1023,4.443671,35.861537,0.427346902
773,KE201400001024,1024,4.568669,35.461165,0.446697171
774,KE201400001025,1025,3.30417,34.730511,0.414472628
775,KE201400001026,1026,3.655048,34.664094,0.463502068
776,KE201400001027,1027,3.738812,34.83924,0.430145293
777,KE201400001028,1028,3.518869,34.856792,0.432280696
778,KE201400001029,1029,3.71427,34.870038,0.430145293
779,KE201400001030,1030,3.579568,35.353208,0.402964991
780,KE201400001031,1031,4.194907,34.349824,0.514859599
781,KE201400001032,1032,4.21766,34.334697,0.535852288
782,KE201400001034,1034,1.852291,36.07746,0.451424406
783,KE201400001035,1035,2.195259,36.163667,0.440930534
784,KE201400001036,1036,1.59809,35.981429,0.433334136
785,KE201400001037,1037,2.552646,35.750065,0.410773424
786,KE201400001038,1038,2.941321,35.64378,0.380224038
787,KE201400001039,1039,2.167778,35.391118,0.446248269
788,KE201400001040,1040,2.25802,35.515422,0.439056969
789,KE201400001041,1041,1.342811,35.075979,0.474520799
790,KE201400001042,1042,1.23985,35.118504,0.427585805
791,KE201400001043,1043,1.260869,35.107209,0.443868652
792,KE201400001044,1044,1.267604,35.12757,0.448488508
793,KE201400001045,1045,1.252731,35.110182,0.443868652
794,KE201400001046,1046,1.289616,35.104116,0.457090665
795,KE201400001047,1047,1.245239,35.105652,0.427585805
796,KE201400001048,1048,1.195544,35.077102,0.450948692
797,KE201400001049,1049,1.183623,35.082077,0.451969554
798,KE201400001050,1050,1.250327,35.093977,0.443868652
799,KE201400001051,1051,1.514052,35.073936,0.486139532
800,KE201400001052,1052,1.348723,34.993109,0.478857611
801,KE201400001053,1053,1.696733,35.194855,0.475570231
802,KE201400001054,1054,1.564917,35.240479,0.474723109
803,KE201400001055,1055,1.482122,35.234057,0.471379699
804,KE201400001056,1056,1.347687,35.190288,0.460171512
805,KE201400001058,1058,2.130217,35.0772,0.43432784
806,KE201400001059,1059,1.700783,35.094559,0.490195622
807,KE201400001060,1060,1.558596,35.02899,0.493505353
808,KE201400001061,1061,2.099314,35.31148,0.445861623
809,KE201400001062,1062,1.264646,35.307474,0.445858677
810,KE201400001063,1063,1.256406,35.320424,0.444237157
811,KE201400001064,1064,1.388589,35.438193,0.434419836
812,KE201400001065,1065,1.340074,35.480882,0.42954849
813,KE201400001067,1067,1.422657,35.45933,0.442229997
814,KE201400001068,1068,1.457789,35.382101,0.452595472
815,KE201400001069,1069,1.301471,35.351172,0.441253108
816,KE201400001070,1070,1.237212,35.458152,0.418044694
817,KE201400001071,1071,1.318524,35.61357,0.429891548
818,KE201400001072,1072,1.404699,35.687462,0.440307589
819,KE201400001076,1076,1.103986,36.692565,0.405078166
820,KE201400001077,1077,1.074208,36.719993,0.406242962
821,KE201400001078,1078,1.051303,36.727228,0.40408879
822,KE201400001079,1079,1.071623,36.711134,0.403793637
823,KE201400001080,1080,1.194558,36.514161,0.3935604
824,KE201400001081,1081,0.972604,36.949102,0.431963706
825,KE201400001082,1082,1.278136,36.670585,0.405776753
826,KE201400001083,1083,0.996707,36.690853,0.40164957
827,KE201400001084,1084,0.752066,36.924679,0.428794993
828,KE201400001085,1085,0.836337,36.8251,0.415721175
829,KE201400001086,1086,1.004152,36.839895,0.413595025
830,KE201400001087,1087,0.940233,36.511651,0.39737182
831,KE201400001088,1088,0.971251,37.350936,0.47364568
832,KE201400001089,1089,0.969764,37.327215,0.478015652
833,KE201400001090,1090,1.047499,37.361626,0.476530229
834,KE201400001091,1091,0.915885,37.260932,0.474257239
835,KE201400001092,1092,1.08936,37.217052,0.465378754
836,KE201400001093,1093,1.179216,37.148442,0.461455472
837,KE201400001094,1094,1.270667,37.350991,0.471553612
838,KE201400001095,1095,0.779573,37.844197,0.528265243
839,KE201400001096,1096,0.632382,37.650913,0.502481555
840,KE201400001097,1097,0.650635,37.437385,0.485604529
841,KE201400001098,1098,1.775687,36.799764,0.440776703
842,KE201400001099,1099,1.792303,36.792099,0.443710808
843,KE201400001100,1100,1.800532,36.86802,0.443207848
844,KE201400001101,1101,1.643007,37.157419,0.458098754
845,KE201400001103,1103,2.364527,36.765065,0.454651628
846,KE201400001104,1104,2.222477,36.761623,0.445112432
847,KE201400001105,1105,1.031911,34.992451,0.449112926
848,KE201400001106,1106,1.058197,35.034016,0.467998661
849,KE201400001107,1107,1.010452,35.02894,0.467427743
850,KE201400001108,1108,1.019615,35.063945,0.465672898
851,KE201400001109,1109,1.027398,34.972864,0.449112926
852,KE201400001110,1110,1.008514,34.963865,0.449112926
853,KE201400001111,1111,0.973638,34.956608,0.509297675
854,KE201400001112,1112,1.03244,34.993303,0.449112926
855,KE201400001113,1113,1.029719,34.984897,0.449112926
856,KE201400001114,1114,1.033163,34.987091,0.449112926
857,KE201400001115,1115,0.954922,34.990361,0.493316133
858,KE201400001116,1116,0.967786,35.075361,0.479292613
859,KE201400001117,1117,0.879123,34.958442,0.520949844
860,KE201400001118,1118,0.854334,34.882885,0.529397969
861,KE201400001119,1119,0.91095,34.927399,0.514432378
862,KE201400001120,1120,0.892985,34.898411,0.510715228
863,KE201400001121,1121,0.822493,34.841444,0.535938689
864,KE201400001122,1122,0.956844,34.844944,0.516719119
865,KE201400001123,1123,0.890224,34.842158,0.524961096
866,KE201400001124,1124,0.927056,35.319788,0.48032241
867,KE201400001125,1125,0.952872,35.224861,0.47786248
868,KE201400001126,1126,0.993352,35.318919,0.466465539
869,KE201400001127,1127,1.063837,35.192775,0.461100849
870,KE201400001128,1128,1.003081,35.166766,0.47085122
871,KE201400001129,1129,1.178711,35.159264,0.450551196
872,KE201400001130,1130,1.056414,35.112086,0.46410185
873,KE201400001131,1131,1.178926,34.817012,0.506934772
874,KE201400001132,1132,0.991116,34.841712,0.51498729
875,KE201400001133,1133,1.115357,34.813049,0.500743446
876,KE201400001134,1134,1.179362,35.014342,0.463039058
877,KE201400001135,1135,1.204526,34.875006,0.484684659
878,KE201400001136,1136,1.108905,34.970978,0.474563687
879,KE201400001137,1137,1.104034,34.991218,0.468022099
880,KE201400001138,1138,1.056839,34.98259,0.464307114
881,KE201400001139,1139,0.243543,35.822237,0.485196309
882,KE201400001140,1140,0.391817,35.82354,0.483923125
883,KE201400001141,1141,0.575207,35.639405,0.497310248
884,KE201400001142,1142,0.492055,35.757143,0.4648932
885,KE201400001143,1143,0.494009,35.739763,0.461978037
886,KE201400001144,1144,0.469609,35.735484,0.461978037
887,KE201400001145,1145,0.529795,35.771071,0.479063374
888,KE201400001146,1146,0.413822,35.881346,0.481700814
889,KE201400001147,1147,0.472783,35.97655,0.466194173
890,KE201400001148,1148,0.464681,35.976505,0.466194173
891,KE201400001149,1149,0.413312,36.079568,0.45749229
892,KE201400001150,1150,0.247812,36.227069,0.441652596
893,KE201400001151,1151,0.723111,35.639046,0.484193427
894,KE201400001152,1152,0.640893,35.87216,0.469915954
895,KE201400001153,1153,0.633115,35.80333,0.473674989
896,KE201400001154,1154,0.641007,35.817085,0.472083261
897,KE201400001155,1155,1.369603,35.783986,0.434182837
898,KE201400001156,1156,1.575329,35.780979,0.447184029
899,KE201400001157,1157,0.85856,35.945295,0.445340635
900,KE201400001158,1158,0.913632,36.011313,0.433344851
901,KE201400001159,1159,0.668514,36.222345,0.427042297
902,KE201400001160,1160,0.715214,36.330077,0.417745584
903,KE201400001161,1161,-0.047684,35.789337,0.479632074
904,KE201400001163,1163,0.050524,35.718633,0.457599817
905,KE201400001164,1164,0.061395,35.715722,0.457599817
906,KE201400001165,1165,0.050773,35.722889,0.457599817
907,KE201400001166,1166,0.081357,35.74956,0.457599817
908,KE201400001168,1168,0.076191,35.898326,0.479991427
909,KE201400001169,1169,0.000775,35.92043,0.475719315
910,KE201400001170,1170,0.030202,36.055656,0.466515121
911,KE201400001171,1171,0.692989,35.222282,0.522265257
912,KE201400001172,1172,0.838466,35.227394,0.506025531
913,KE201400001173,1173,0.875886,35.135885,0.494254365
914,KE201400001174,1174,0.829351,35.209525,0.510104963
915,KE201400001175,1175,0.63318,35.206463,0.517932711
916,KE201400001176,1176,0.817538,35.2904,0.502254075
917,KE201400001177,1177,0.558263,35.257393,0.489575969
918,KE201400001178,1178,0.523801,35.244122,0.435006816
919,KE201400001179,1179,0.521928,35.261268,0.356828811
920,KE201400001180,1180,0.563705,35.225943,0.486536799
921,KE201400001181,1181,0.54764,35.237461,0.486536799
922,KE201400001182,1182,0.549726,35.242753,0.486536799
923,KE201400001183,1183,0.629269,35.104015,0.531807671
924,KE201400001184,1184,0.613144,35.037416,0.538596217
925,KE201400001185,1185,0.602686,35.050106,0.538301647
926,KE201400001187,1187,0.488518,35.363576,0.503811518
927,KE201400001188,1188,0.511723,35.306325,0.484329645
928,KE201400001189,1189,0.524671,35.31325,0.484329645
929,KE201400001191,1191,0.612142,35.429175,0.501854703
930,KE201400001192,1192,0.745702,35.311936,0.508220258
931,KE201400001193,1193,0.55274,35.304668,0.504894117
932,KE201400001194,1194,0.538083,35.290596,0.356828811
933,KE201400001195,1195,0.869111,35.322403,0.488044822
934,KE201400001196,1196,0.22119,35.3256,0.500336993
935,KE201400001200,1200,0.434459,35.217811,0.511613
936,KE201400001201,1201,0.505603,35.257891,0.356828811
937,KE201400001202,1202,0.488262,35.268162,0.459638121
938,KE201400001203,1203,0.464453,35.246596,0.517797591
939,KE201400001204,1204,0.47943,35.267937,0.459638121
940,KE201400001205,1205,0.500538,35.248533,0.435006816
941,KE201400001206,1206,1.061761,35.621251,0.441184661
942,KE201400001207,1207,1.236726,35.623087,0.424287596
943,KE201400001208,1208,1.058807,35.590291,0.441309655
944,KE201400001209,1209,0.98022,35.556985,0.445713011
945,KE201400001210,1210,1.007943,35.563601,0.450240053
946,KE201400001212,1212,0.840955,35.582567,0.468244688
947,KE201400001214,1214,0.843381,35.494241,0.472424224
948,KE201400001215,1215,1.129902,35.368851,0.458065182
949,KE201400001216,1216,1.054766,35.323885,0.458065182
950,KE201400001217,1217,0.919341,35.449771,0.478603519
951,KE201400001218,1218,1.071849,35.282781,0.457857411
952,KE201400001219,1219,1.258513,35.616125,0.424424582
953,KE201400001220,1220,1.166346,35.641617,0.426586568
954,KE201400001221,1221,0.462461,35.561962,0.496764034
955,KE201400001222,1222,0.492566,35.525685,0.5018522
956,KE201400001223,1223,0.394334,35.562043,0.492325817
957,KE201400001224,1224,0.68916,35.473602,0.492898615
958,KE201400001225,1225,0.646725,35.507954,0.492811745
959,KE201400001229,1229,0.52236,35.589098,0.499550063
960,KE201400001230,1230,0.304652,35.62456,0.486257769
961,KE201400001231,1231,0.543091,35.505075,0.508290289
962,KE201400001232,1232,0.292631,35.579704,0.484544158
963,KE201400001233,1233,0.621299,35.527094,0.497842385
964,KE201400001234,1234,0.585327,35.534084,0.497842385
965,KE201400001235,1235,0.774894,35.558513,0.478196464
966,KE201400001236,1236,0.200639,35.605181,0.482329828
967,KE201400001237,1237,0.216932,35.55445,0.483059295
968,KE201400001238,1238,0.433502,35.008457,0.547197623
969,KE201400001239,1239,0.3116,35.044738,0.534109506
970,KE201400001240,1240,0.494404,35.050139,0.537050087
971,KE201400001241,1241,0.512616,34.926027,0.563013891
972,KE201400001242,1242,0.447078,35.097442,0.528938496
973,KE201400001243,1243,0.284259,35.169855,0.514483063
974,KE201400001244,1244,0.197593,35.100843,0.494825065
975,KE201400001245,1245,0.192118,35.087594,0.494825065
976,KE201400001246,1246,0.170551,35.101304,0.494825065
977,KE201400001247,1247,0.188537,35.065198,0.51928261
978,KE201400001248,1248,0.198576,35.083983,0.494825065
979,KE201400001249,1249,0.250269,35.092579,0.521242921
980,KE201400001250,1250,0.269717,35.005258,0.539716801
981,KE201400001251,1251,0.241902,35.066912,0.521616335
982,KE201400001252,1252,0.136934,34.973903,0.545071892
983,KE201400001253,1253,0.190509,34.977182,0.542705706
984,KE201400001254,1254,0.098015,34.947188,0.549275558
985,KE201400001255,1255,0.159171,35.196532,0.502677806
986,KE201400001256,1256,0.144494,35.164616,0.50133278
987,KE201400001257,1257,0.101766,35.18484,0.501082068
988,KE201400001258,1258,0.088608,35.189767,0.503863737
989,KE201400001259,1259,0.17786,35.226904,0.5007922
990,KE201400001260,1260,0.093799,35.216458,0.501544434
991,KE201400001261,1261,0.08403,35.180845,0.501082068
992,KE201400001262,1262,0.155637,35.253314,0.500332572
993,KE201400001263,1263,0.081672,35.105973,0.517866668
994,KE201400001264,1264,0.053619,34.85066,0.565101508
995,KE201400001266,1266,0.013446,34.968715,0.557431138
996,KE201400001267,1267,0.051764,34.865938,0.563591634
997,KE201400001268,1268,-0.037147,35.314873,0.492614473
998,KE201400001269,1269,-0.007546,35.312927,0.494505071
999,KE201400001270,1270,0.032037,35.340626,0.493698187
1000,KE201400001272,1272,0.551462,36.913232,0.422116383
1001,KE201400001274,1274,-0.077074,36.856496,0.410116471
1002,KE201400001275,1275,-0.034381,37.0134,0.418854717
1003,KE201400001276,1276,0.024436,36.767768,0.399107126
1004,KE201400001278,1278,0.113694,37.141943,0.436469228
1005,KE201400001280,1280,0.172359,36.761308,0.395055683
1006,KE201400001285,1285,0.02143,37.057103,0.424120557
1007,KE201400001291,1291,0.050672,36.283538,0.436906227
1008,KE201400001292,1292,0.588508,36.462429,0.415866053
1009,KE201400001293,1293,0.463489,36.476833,0.411087634
1010,KE201400001294,1294,0.475642,36.273488,0.426870973
1011,KE201400001295,1295,0.31728,36.266183,0.433038906
1012,KE201400001296,1296,0.423258,36.429839,0.413607117
1013,KE201400001297,1297,0.240122,36.550649,0.401473366
1014,KE201400001298,1298,0.329651,36.57416,0.399367969
1015,KE201400001299,1299,0.140082,36.523476,0.402050957
1016,KE201400001300,1300,0.180975,36.615709,0.393076262
1017,KE201400001302,1302,0.210474,36.329648,0.431330633
1018,KE201400001303,1303,-0.309786,36.076517,0.284946256
1019,KE201400001304,1304,-0.299963,36.061513,0.284946256
1020,KE201400001305,1305,-0.301155,36.048302,0.284946256
1021,KE201400001306,1306,-0.30724,36.066202,0.284946256
1022,KE201400001307,1307,-0.296415,36.080281,0.284946256
1023,KE201400001308,1308,-0.297511,36.08409,0.371951064
1024,KE201400001309,1309,-0.264494,36.052484,0.320344054
1025,KE201400001310,1310,-0.298139,36.122934,0.371951064
1026,KE201400001311,1311,-0.29181,36.125866,0.385696584
1027,KE201400001312,1312,-0.24672,36.014239,0.421482957
1028,KE201400001313,1313,0.086511,36.152791,0.449071886
1029,KE201400001314,1314,-0.164924,35.835247,0.461166489
1030,KE201400001315,1315,-0.159993,36.156102,0.413595093
1031,KE201400001316,1316,-0.19525,36.100998,0.414518008
1032,KE201400001317,1317,-0.262569,36.195015,0.397112166
1033,KE201400001318,1318,-0.258278,36.178814,0.396911167
1034,KE201400001319,1319,0.042833,36.203926,0.441258024
1035,KE201400001320,1320,-0.695273,36.44089,0.348929834
1036,KE201400001321,1321,-0.721238,36.434543,0.300409779
1037,KE201400001323,1323,-0.783525,36.44798,0.351589953
1038,KE201400001324,1324,-0.9391,36.34829,0.389034445
1039,KE201400001325,1325,-0.848883,36.256365,0.395728249
1040,KE201400001326,1326,-0.500925,36.30869,0.374528469
1041,KE201400001327,1327,-0.513607,36.33822,0.368997893
1042,KE201400001328,1328,-0.522717,36.358585,0.365353698
1043,KE201400001329,1329,-0.269011,35.844198,0.452108927
1044,KE201400001335,1335,-0.408441,36.021334,0.428041931
1045,KE201400001337,1337,-0.452422,36.007398,0.426024754
1046,KE201400001338,1338,-0.383455,35.941073,0.432034172
1047,KE201400001339,1339,-0.335423,35.964103,0.430586034
1048,KE201400001341,1341,-1.01517,35.764644,0.449797512
1049,KE201400001342,1342,-1.079724,35.859602,0.44515036
1050,KE201400001343,1343,-1.081621,35.87284,0.44515036
1051,KE201400001344,1344,-1.070334,35.880537,0.437912707
1052,KE201400001345,1345,-1.085177,35.879183,0.449127259
1053,KE201400001346,1346,-1.087034,35.878596,0.449127259
1054,KE201400001347,1347,-1.093504,35.889804,0.449127259
1055,KE201400001348,1348,-1.060263,36.187449,0.408581064
1056,KE201400001349,1349,-1.007501,36.204693,0.401566489
1057,KE201400001353,1353,-1.045031,36.052505,0.428032531
1058,KE201400001356,1356,-1.442908,35.577159,0.473309936
1059,KE201400001357,1357,-1.177176,35.754116,0.458442731
1060,KE201400001358,1358,-1.196154,35.241983,0.545320385
1061,KE201400001359,1359,-1.611423,35.398537,0.491184304
1062,KE201400001360,1360,-1.003934,35.642413,0.472549118
1063,KE201400001361,1361,-1.120233,35.724006,0.458392491
1064,KE201400001363,1363,-0.92285,35.435413,0.507216381
1065,KE201400001364,1364,-0.837669,35.63004,0.488629993
1066,KE201400001365,1365,-0.804706,35.570308,0.497360504
1067,KE201400001366,1366,-1.042414,34.92762,0.621099829
1068,KE201400001367,1367,-0.928413,34.902305,0.614108523
1069,KE201400001368,1368,-1.000601,34.876279,0.640952565
1070,KE201400001369,1369,-1.061921,34.749846,0.635972327
1071,KE201400001370,1370,-0.995874,35.148222,0.564182113
1072,KE201400001371,1371,-1.078303,35.085031,0.579500621
1073,KE201400001372,1372,-1.010393,34.972463,0.611150518
1074,KE201400001373,1373,-1.229738,34.810802,0.625706695
1075,KE201400001374,1374,-1.329582,34.826417,0.606000965
1076,KE201400001375,1375,-1.8505,36.750691,0.475567682
1077,KE201400001376,1376,-2.064607,36.94953,0.489340199
1078,KE201400001377,1377,-1.84592,36.782749,0.44111733
1079,KE201400001378,1378,-2.358009,37.036531,0.501783764
1080,KE201400001379,1379,-2.10955,37.461038,0.468987417
1081,KE201400001380,1380,-2.299266,36.810426,0.51671379
1082,KE201400001381,1381,-2.462057,36.82485,0.510021784
1083,KE201400001382,1382,-2.473565,36.700277,0.506610361
1084,KE201400001383,1383,-2.350552,37.221197,0.488058962
1085,KE201400001384,1384,-2.830255,37.540571,0.435929671
1086,KE201400001385,1385,-2.946827,37.546281,0.417018449
1087,KE201400001386,1386,-3.160807,37.733419,0.464036218
1088,KE201400001387,1387,-1.659861,36.550562,0.468303193
1089,KE201400001388,1388,-1.415356,36.180797,0.445559528
1090,KE201400001389,1389,-1.68735,36.848807,0.475062467
1091,KE201400001390,1390,-1.489443,36.959488,0.492858773
1092,KE201400001391,1391,-1.476782,36.965545,0.492858773
1093,KE201400001392,1392,-1.470559,36.960664,0.492858773
1094,KE201400001393,1393,-1.472465,36.954037,0.496600317
1095,KE201400001394,1394,-1.579725,36.953958,0.495364747
1096,KE201400001395,1395,-1.937878,36.097511,0.46335443
1097,KE201400001396,1396,-1.413816,36.685111,0.452031473
1098,KE201400001397,1397,-1.448822,36.699644,0.486605081
1099,KE201400001400,1400,-1.406223,36.751576,0.450200007
1100,KE201400001401,1401,-1.399571,36.751907,0.450200007
1101,KE201400001403,1403,-1.396583,36.708163,0.482831657
1102,KE201400001406,1406,-1.385874,36.759513,0.450200007
1103,KE201400001407,1407,-1.414127,36.773572,0.450200007
1104,KE201400001409,1409,-0.430999,35.049545,0.57291752
1105,KE201400001410,1410,-0.392989,35.014168,0.574644634
1106,KE201400001411,1411,-0.262973,35.068721,0.566279008
1107,KE201400001412,1412,-0.245964,35.227399,0.514493235
1108,KE201400001413,1413,-0.309298,35.319857,0.493134802
1109,KE201400001415,1415,-0.311582,35.257711,0.50568574
1110,KE201400001416,1416,-0.251504,35.260667,0.50675412
1111,KE201400001417,1417,-0.318156,35.312409,0.492331627
1112,KE201400001418,1418,-0.349574,35.319845,0.510404843
1113,KE201400001419,1419,-0.36287,35.285291,0.483772926
1114,KE201400001420,1420,-0.383661,35.298739,0.507704632
1115,KE201400001421,1421,-0.36909,35.154233,0.531574605
1116,KE201400001422,1422,-0.338838,35.223389,0.511927662
1117,KE201400001423,1423,-0.313347,35.228637,0.504979384
1118,KE201400001424,1424,-0.388691,35.146404,0.536691044
1119,KE201400001425,1425,-0.457094,35.18281,0.540163286
1120,KE201400001426,1426,-0.421155,35.262754,0.516236284
1121,KE201400001427,1427,-0.174651,35.310926,0.491370216
1122,KE201400001428,1428,-0.180383,35.417612,0.477090139
1123,KE201400001429,1429,-0.132023,35.538949,0.478808999
1124,KE201400001432,1432,-0.199389,35.461119,0.4751088
1125,KE201400001433,1433,-0.196551,35.403256,0.485295768
1126,KE201400001434,1434,-0.288745,35.428536,0.48013054
1127,KE201400001437,1437,-0.631907,35.196289,0.549131274
1128,KE201400001438,1438,-0.61275,35.13265,0.570548455
1129,KE201400001439,1439,-0.577405,35.065507,0.591728736
1130,KE201400001440,1440,-0.505406,35.125053,0.56114901
1131,KE201400001441,1441,-0.497134,35.202144,0.541758521
1132,KE201400001442,1442,-0.506052,35.276078,0.52863282
1133,KE201400001443,1443,-0.544988,35.240994,0.535984346
1134,KE201400001444,1444,-0.58225,35.257638,0.535463887
1135,KE201400001445,1445,-0.604581,35.371028,0.526858493
1136,KE201400001446,1446,-0.579929,35.27972,0.533371572
1137,KE201400001447,1447,-0.589288,35.257963,0.535463887
1138,KE201400001448,1448,-0.591624,35.224002,0.541607319
1139,KE201400001449,1449,-0.892797,35.037403,0.593594941
1140,KE201400001450,1450,-0.842082,35.151825,0.569714909
1141,KE201400001451,1451,-0.694253,35.081947,0.60349393
1142,KE201400001452,1452,-0.689667,35.117046,0.57165534
1143,KE201400001453,1453,-0.68156,35.125071,0.577445868
1144,KE201400001454,1454,-0.695824,35.27911,0.540472904
1145,KE201400001455,1455,-0.761427,35.316538,0.532785259
1146,KE201400001456,1456,-0.690745,35.274238,0.539653046
1147,KE201400001457,1457,-0.797883,35.330814,0.537525087
1148,KE201400001458,1458,-0.812698,35.324192,0.537525087
1149,KE201400001459,1459,-0.762919,35.402807,0.50770627
1150,KE201400001460,1460,-0.656315,35.33958,0.528959697
1151,KE201400001461,1461,-0.681547,35.246099,0.543753724
1152,KE201400001462,1462,-0.72113,35.322466,0.52432551
1153,KE201400001463,1463,-0.789954,35.338411,0.52051555
1154,KE201400001464,1464,-0.762671,35.319324,0.537120191
1155,KE201400001465,1465,-0.825222,35.405156,0.512042083
1156,KE201400001466,1466,-0.793262,35.42548,0.511305452
1157,KE201400001467,1467,-0.832445,35.444588,0.505469308
1158,KE201400001468,1468,-0.948789,35.386965,0.519995467
1159,KE201400001469,1469,-0.996636,35.236256,0.551341972
1160,KE201400001470,1470,-1.003358,35.276106,0.544672663
1161,KE201400001471,1471,-0.883526,35.233769,0.548297791
1162,KE201400001472,1472,-0.954275,35.207515,0.552846436
1163,KE201400001473,1473,-0.897654,35.167563,0.561939369
1164,KE201400001474,1474,0.304648,34.692785,0.566319904
1165,KE201400001475,1475,0.322075,34.70972,0.565092956
1166,KE201400001476,1476,0.325561,34.629113,0.584865027
1167,KE201400001477,1477,0.434206,34.681026,0.578554635
1168,KE201400001478,1478,0.289493,34.756468,0.540383685
1169,KE201400001479,1479,0.293082,34.747117,0.554411916
1170,KE201400001480,1480,0.304711,34.777133,0.541907902
1171,KE201400001481,1481,0.272332,34.753309,0.540383685
1172,KE201400001482,1482,0.314432,34.776763,0.541907902
1173,KE201400001483,1483,0.220104,34.681515,0.572107229
1174,KE201400001484,1484,0.199015,34.770463,0.554355729
1175,KE201400001485,1485,0.512855,34.773401,0.569187837
1176,KE201400001486,1486,0.375991,34.788127,0.55830816
1177,KE201400001487,1487,0.497949,34.835408,0.566786886
1178,KE201400001488,1488,0.391379,34.769475,0.56084656
1179,KE201400001489,1489,0.219654,34.87053,0.55510937
1180,KE201400001490,1490,0.227373,34.812265,0.553484163
1181,KE201400001491,1491,0.567985,34.784985,0.562449313
1182,KE201400001492,1492,0.642872,34.847386,0.554550215
1183,KE201400001493,1493,0.644525,34.940469,0.550190194
1184,KE201400001494,1494,0.642246,35.004217,0.543815904
1185,KE201400001495,1495,0.789392,35.108515,0.521289945
1186,KE201400001496,1496,0.826533,35.122979,0.502946623
1187,KE201400001497,1497,0.868692,35.111148,0.498280275
1188,KE201400001498,1498,0.375835,34.467169,0.579656089
1189,KE201400001499,1499,0.468339,34.488422,0.583673879
1190,KE201400001500,1500,0.409152,34.361391,0.586404141
1191,KE201400001501,1501,0.233663,34.430836,0.593320413
1192,KE201400001502,1502,0.225574,34.438099,0.592110565
1193,KE201400001503,1503,0.340168,34.499054,0.578600698
1194,KE201400001504,1504,0.347007,34.494847,0.578600698
1195,KE201400001505,1505,0.319699,34.444913,0.589815943
1196,KE201400001506,1506,0.311471,34.581158,0.59121027
1197,KE201400001507,1507,0.284916,34.624791,0.584224243
1198,KE201400001508,1508,0.28255,34.461206,0.589624409
1199,KE201400001509,1509,0.203912,34.512882,0.594691663
1200,KE201400001510,1510,0.17861,34.559141,0.595711559
1201,KE201400001511,1511,0.179715,34.483165,0.597148911
1202,KE201400001512,1512,0.114844,34.722816,0.570099147
1203,KE201400001513,1513,0.11063,34.688426,0.585931811
1204,KE201400001514,1514,0.072738,34.685017,0.585399442
1205,KE201400001515,1515,0.093099,34.721793,0.570099147
1206,KE201400001516,1516,0.136901,34.717035,0.564697197
1207,KE201400001517,1517,0.138961,34.809129,0.554914014
1208,KE201400001518,1518,0.079927,34.786202,0.567089772
1209,KE201400001519,1519,0.110498,34.767281,0.563040551
1210,KE201400001520,1520,0.150079,34.809169,0.552811194
1211,KE201400001521,1521,0.0525,34.713821,0.572461381
1212,KE201400001522,1522,0.051701,34.683006,0.586935311
1213,KE201400001523,1523,0.019806,34.624584,0.595598592
1214,KE201400001525,1525,0.074189,34.689696,0.585399442
1215,KE201400001526,1526,0.078289,34.710857,0.572461381
1216,KE201400001527,1527,0.065476,34.644531,0.593535714
1217,KE201400001528,1528,0.108326,34.605629,0.596637599
1218,KE201400001529,1529,0.09754,34.717246,0.579845569
1219,KE201400001530,1530,0.02467,34.648964,0.590167895
1220,KE201400001531,1531,0.04196,34.562168,0.604451336
1221,KE201400001532,1532,0.031064,34.615387,0.594999186
1222,KE201400001533,1533,0.023385,34.56349,0.593981708
1223,KE201400001534,1534,0.042106,34.574854,0.592787749
1224,KE201400001535,1535,0.05744,34.576782,0.599652082
1225,KE201400001536,1536,0.035636,34.599667,0.589588255
1226,KE201400001537,1537,0.06208,34.778611,0.5645428
1227,KE201400001538,1538,0.023683,34.763253,0.573530126
1228,KE201400001539,1539,0.129731,34.796222,0.556780525
1229,KE201400001540,1540,0.170496,34.818745,0.551826811
1230,KE201400001541,1541,0.128779,34.823048,0.553987304
1231,KE201400001542,1542,0.053751,34.83548,0.564327496
1232,KE201400001543,1543,0.032115,34.78624,0.570531774
1233,KE201400001544,1544,0.576173,34.557147,0.547210919
1234,KE201400001545,1545,0.58316,34.559365,0.547210919
1235,KE201400001546,1546,0.556065,34.551876,0.547210919
1236,KE201400001547,1547,0.575549,34.518346,0.567330257
1237,KE201400001548,1548,0.549611,34.619532,0.574857538
1238,KE201400001549,1549,0.479437,34.609508,0.582363535
1239,KE201400001550,1550,0.568496,34.637875,0.574017083
1240,KE201400001551,1551,0.547832,34.420345,0.576188036
1241,KE201400001552,1552,0.485592,34.490674,0.581863386
1242,KE201400001553,1553,0.678489,34.476133,0.564038175
1243,KE201400001554,1554,0.591605,34.436439,0.570812418
1244,KE201400001555,1555,0.535798,34.412208,0.578380123
1245,KE201400001556,1556,0.772745,34.973083,0.547329576
1246,KE201400001557,1557,0.848991,34.987144,0.526121735
1247,KE201400001558,1558,0.808738,34.868153,0.537956043
1248,KE201400001559,1559,0.698363,34.821518,0.549453272
1249,KE201400001560,1560,0.730196,34.740936,0.550153301
1250,KE201400001561,1561,0.771927,34.716742,0.559174519
1251,KE201400001562,1562,0.77874,34.75114,0.538370208
1252,KE201400001563,1563,0.860435,34.760318,0.541828271
1253,KE201400001564,1564,0.812648,34.642805,0.547473015
1254,KE201400001565,1565,0.611836,34.760608,0.550018009
1255,KE201400001566,1566,0.578253,34.776632,0.557045152
1256,KE201400001567,1567,0.55353,34.752191,0.568152437
1257,KE201400001568,1568,0.702013,34.64878,0.562263139
1258,KE201400001569,1569,0.714867,34.82787,0.548958786
1259,KE201400001570,1570,0.633658,34.757703,0.553622146
1260,KE201400001571,1571,0.656155,34.810907,0.553280322
1261,KE201400001572,1572,0.764092,34.546079,0.558074818
1262,KE201400001573,1573,0.697663,34.442202,0.562732238
1263,KE201400001574,1574,0.703919,34.602214,0.565110472
1264,KE201400001575,1575,0.66294,34.615984,0.567430497
1265,KE201400001576,1576,0.756345,34.640738,0.558061134
1266,KE201400001577,1577,0.790796,34.484547,0.554856708
1267,KE201400001578,1578,0.827789,34.582138,0.555515648
1268,KE201400001579,1579,0.85851,34.765846,0.540248648
1269,KE201400001580,1580,0.439757,34.108762,0.576249815
1270,KE201400001581,1581,0.454,34.1215,0.576249815
1271,KE201400001582,1582,0.446106,34.126216,0.577847477
1272,KE201400001583,1583,0.377535,34.140872,0.601641357
1273,KE201400001584,1584,0.425707,34.184941,0.583889643
1274,KE201400001585,1585,0.43095,34.188571,0.58401322
1275,KE201400001586,1586,0.476385,34.261464,0.58631895
1276,KE201400001587,1587,0.512319,34.391624,0.581208201
1277,KE201400001588,1588,0.459937,34.323731,0.587414247
1278,KE201400001589,1589,0.541424,34.334203,0.580081763
1279,KE201400001590,1590,0.417201,34.342472,0.588073717
1280,KE201400001591,1591,0.384405,34.285201,0.591072116
1281,KE201400001592,1592,0.345087,34.268557,0.590795334
1282,KE201400001593,1593,0.315353,34.255938,0.589859971
1283,KE201400001594,1594,0.727016,34.326847,0.607467655
1284,KE201400001595,1595,0.730415,34.367476,0.574319526
1285,KE201400001596,1596,0.601651,34.22656,0.616066455
1286,KE201400001597,1597,0.627666,34.256786,0.557000963
1287,KE201400001598,1598,0.63677,34.269118,0.557000963
1288,KE201400001599,1599,0.286098,34.058839,0.624221128
1289,KE201400001600,1600,0.284145,34.123192,0.582496969
1290,KE201400001601,1601,0.227144,34.078147,0.588561988
1291,KE201400001602,1602,0.163928,34.058632,0.581767365
1292,KE201400001603,1603,0.091729,33.974271,0.557731204
1293,KE201400001605,1605,0.13255,34.028321,0.578022601
1294,KE201400001606,1606,0.111918,34.006716,0.573721969
1295,KE201400001607,1607,0.6135,34.194321,0.638162058
1296,KE201400001608,1608,0.577623,34.261595,0.585506232
1297,KE201400001609,1609,0.560891,34.248927,0.585527882
1298,KE201400001610,1610,0.500992,34.174886,0.603841204
1299,KE201400001611,1611,0.456166,34.122642,0.576249815
1300,KE201400001612,1612,0.49486,34.156075,0.564753143
